id_,filename,width,height,depth,segmented
0,maksssksksss348.xml,301,400,3,0
1,maksssksksss19.xml,400,236,3,0
2,maksssksksss165.xml,450,463,3,0
3,maksssksksss764.xml,301,400,3,0
4,maksssksksss493.xml,301,400,3,0
5,maksssksksss832.xml,309,400,3,0
6,maksssksksss555.xml,400,225,3,0
7,maksssksksss194.xml,400,267,3,0
8,maksssksksss197.xml,400,226,3,0
9,maksssksksss222.xml,400,226,3,0
10,maksssksksss461.xml,400,268,3,0
11,maksssksksss240.xml,400,245,3,0
12,maksssksksss833.xml,400,226,3,0
13,maksssksksss475.xml,400,267,3,0
14,maksssksksss331.xml,400,267,3,0
15,maksssksksss443.xml,301,400,3,0
16,maksssksksss530.xml,301,400,3,0
17,maksssksksss372.xml,400,209,3,0
18,maksssksksss70.xml,400,225,3,0
19,maksssksksss815.xml,267,400,3,0
20,maksssksksss590.xml,301,400,3,0
21,maksssksksss685.xml,400,225,3,0
22,maksssksksss319.xml,400,250,3,0
23,maksssksksss532.xml,301,400,3,0
24,maksssksksss231.xml,400,249,3,0
25,maksssksksss588.xml,400,267,3,0
26,maksssksksss804.xml,400,258,3,0
27,maksssksksss218.xml,301,400,3,0
28,maksssksksss656.xml,400,245,3,0
29,maksssksksss183.xml,400,225,3,0
30,maksssksksss151.xml,400,200,3,0
31,maksssksksss681.xml,301,400,3,0
32,maksssksksss106.xml,600,399,3,0
33,maksssksksss306.xml,301,400,3,0
34,maksssksksss686.xml,301,400,3,0
35,maksssksksss749.xml,251,400,3,0
36,maksssksksss742.xml,301,400,3,0
37,maksssksksss850.xml,400,200,3,0
38,maksssksksss347.xml,267,400,3,0
39,maksssksksss177.xml,400,300,3,0
40,maksssksksss300.xml,301,400,3,0
41,maksssksksss52.xml,400,225,3,0
42,maksssksksss176.xml,400,225,3,0
43,maksssksksss315.xml,400,267,3,0
44,maksssksksss489.xml,400,211,3,0
45,maksssksksss166.xml,400,267,3,0
46,maksssksksss230.xml,512,367,3,0
47,maksssksksss467.xml,400,290,3,0
48,maksssksksss317.xml,400,240,3,0
49,maksssksksss174.xml,400,272,3,0
50,maksssksksss509.xml,400,225,3,0
51,maksssksksss173.xml,400,294,3,0
52,maksssksksss288.xml,400,225,3,0
53,maksssksksss89.xml,400,217,3,0
54,maksssksksss477.xml,400,267,3,0
55,maksssksksss303.xml,400,225,3,0
56,maksssksksss788.xml,512,340,3,0
57,maksssksksss68.xml,301,400,3,0
58,maksssksksss415.xml,301,400,3,0
59,maksssksksss487.xml,400,267,3,0
60,maksssksksss242.xml,400,300,3,0
61,maksssksksss354.xml,400,300,3,0
62,maksssksksss307.xml,400,226,3,0
63,maksssksksss244.xml,400,262,3,0
64,maksssksksss196.xml,301,400,3,0
65,maksssksksss496.xml,267,400,3,0
66,maksssksksss86.xml,400,300,3,0
67,maksssksksss356.xml,301,400,3,0
68,maksssksksss480.xml,301,400,3,0
69,maksssksksss435.xml,400,282,3,0
70,maksssksksss150.xml,301,400,3,0
71,maksssksksss249.xml,400,267,3,0
72,maksssksksss369.xml,301,400,3,0
73,maksssksksss519.xml,400,267,3,0
74,maksssksksss79.xml,400,400,3,0
75,maksssksksss610.xml,400,210,3,0
76,maksssksksss585.xml,400,399,3,0
77,maksssksksss188.xml,301,400,3,0
78,maksssksksss211.xml,400,364,3,0
79,maksssksksss583.xml,400,225,3,0
80,maksssksksss147.xml,400,250,3,0
81,maksssksksss279.xml,400,266,3,0
82,maksssksksss700.xml,225,400,3,0
83,maksssksksss843.xml,400,400,3,0
84,maksssksksss463.xml,365,400,3,0
85,maksssksksss534.xml,400,267,3,0
86,maksssksksss670.xml,400,225,3,0
87,maksssksksss827.xml,301,400,3,0
88,maksssksksss525.xml,600,399,3,0
89,maksssksksss55.xml,301,400,3,0
90,maksssksksss193.xml,300,400,3,0
91,maksssksksss811.xml,267,400,3,0
92,maksssksksss238.xml,400,267,3,0
93,maksssksksss665.xml,400,267,3,0
94,maksssksksss437.xml,400,267,3,0
95,maksssksksss14.xml,301,400,3,0
96,maksssksksss46.xml,400,226,3,0
97,maksssksksss200.xml,301,400,3,0
98,maksssksksss6.xml,600,405,3,0
99,maksssksksss360.xml,400,265,3,0
100,maksssksksss336.xml,400,267,3,0
101,maksssksksss33.xml,250,400,3,0
102,maksssksksss187.xml,400,300,3,0
103,maksssksksss414.xml,400,225,3,0
104,maksssksksss397.xml,400,225,3,0
105,maksssksksss60.xml,301,400,3,0
106,maksssksksss438.xml,400,225,3,0
107,maksssksksss412.xml,400,400,3,0
108,maksssksksss709.xml,301,400,3,0
109,maksssksksss120.xml,301,400,3,0
110,maksssksksss603.xml,400,278,3,0
111,maksssksksss66.xml,380,400,3,0
112,maksssksksss805.xml,400,225,3,0
113,maksssksksss515.xml,301,400,3,0
114,maksssksksss747.xml,301,400,3,0
115,maksssksksss823.xml,400,210,3,0
116,maksssksksss236.xml,301,400,3,0
117,maksssksksss596.xml,301,400,3,0
118,maksssksksss295.xml,267,400,3,0
119,maksssksksss836.xml,400,313,3,0
120,maksssksksss746.xml,301,400,3,0
121,maksssksksss844.xml,400,225,3,0
122,maksssksksss498.xml,400,272,3,0
123,maksssksksss776.xml,400,267,3,0
124,maksssksksss135.xml,400,225,3,0
125,maksssksksss723.xml,400,226,3,0
126,maksssksksss620.xml,400,267,3,0
127,maksssksksss637.xml,400,226,3,0
128,maksssksksss426.xml,400,267,3,0
129,maksssksksss514.xml,400,267,3,0
130,maksssksksss373.xml,512,340,3,0
131,maksssksksss615.xml,301,400,3,0
132,maksssksksss598.xml,301,400,3,0
133,maksssksksss720.xml,400,221,3,0
134,maksssksksss606.xml,400,267,3,0
135,maksssksksss672.xml,400,300,3,0
136,maksssksksss20.xml,267,400,3,0
137,maksssksksss80.xml,400,226,3,0
138,maksssksksss682.xml,400,277,3,0
139,maksssksksss745.xml,301,400,3,0
140,maksssksksss137.xml,400,400,3,0
141,maksssksksss334.xml,400,312,3,0
142,maksssksksss703.xml,400,267,3,0
143,maksssksksss567.xml,400,267,3,0
144,maksssksksss721.xml,301,400,3,0
145,maksssksksss541.xml,301,400,3,0
146,maksssksksss293.xml,400,289,3,0
147,maksssksksss105.xml,400,267,3,0
148,maksssksksss375.xml,400,310,3,0
149,maksssksksss4.xml,301,400,3,0
150,maksssksksss725.xml,301,400,3,0
151,maksssksksss824.xml,400,267,3,0
152,maksssksksss838.xml,301,400,3,0
153,maksssksksss839.xml,400,261,3,0
154,maksssksksss387.xml,400,226,3,0
155,maksssksksss431.xml,400,226,3,0
156,maksssksksss272.xml,275,400,3,0
157,maksssksksss110.xml,400,267,3,0
158,maksssksksss790.xml,301,400,3,0
159,maksssksksss543.xml,400,210,3,0
160,maksssksksss630.xml,301,400,3,0
161,maksssksksss250.xml,400,267,3,0
162,maksssksksss432.xml,400,243,3,0
163,maksssksksss549.xml,400,283,3,0
164,maksssksksss126.xml,267,400,3,0
165,maksssksksss780.xml,400,225,3,0
166,maksssksksss739.xml,400,226,3,0
167,maksssksksss237.xml,400,267,3,0
168,maksssksksss16.xml,301,400,3,0
169,maksssksksss199.xml,400,276,3,0
170,maksssksksss499.xml,400,226,3,0
171,maksssksksss768.xml,400,225,3,0
172,maksssksksss152.xml,400,283,3,0
173,maksssksksss497.xml,301,400,3,0
174,maksssksksss666.xml,400,300,3,0
175,maksssksksss450.xml,400,283,3,0
176,maksssksksss589.xml,267,400,3,0
177,maksssksksss694.xml,400,280,3,0
178,maksssksksss651.xml,400,226,3,0
179,maksssksksss390.xml,400,300,3,0
180,maksssksksss440.xml,400,225,3,0
181,maksssksksss800.xml,400,267,3,0
182,maksssksksss661.xml,400,261,3,0
183,maksssksksss545.xml,400,267,3,0
184,maksssksksss411.xml,400,267,3,0
185,maksssksksss503.xml,400,289,3,0
186,maksssksksss157.xml,400,225,3,0
187,maksssksksss324.xml,339,400,3,0
188,maksssksksss263.xml,400,278,3,0
189,maksssksksss405.xml,301,400,3,0
190,maksssksksss718.xml,400,267,3,0
191,maksssksksss760.xml,400,225,3,0
192,maksssksksss471.xml,400,300,3,0
193,maksssksksss75.xml,400,211,3,0
194,maksssksksss224.xml,400,400,3,0
195,maksssksksss168.xml,400,225,3,0
196,maksssksksss485.xml,301,400,3,0
197,maksssksksss523.xml,400,267,3,0
198,maksssksksss202.xml,400,300,3,0
199,maksssksksss556.xml,400,198,3,0
200,maksssksksss352.xml,250,400,3,0
201,maksssksksss124.xml,400,271,3,0
202,maksssksksss653.xml,400,225,3,0
203,maksssksksss262.xml,301,400,3,0
204,maksssksksss57.xml,301,400,3,0
205,maksssksksss657.xml,400,267,3,0
206,maksssksksss404.xml,301,400,3,0
207,maksssksksss576.xml,400,295,3,0
208,maksssksksss11.xml,400,267,3,0
209,maksssksksss69.xml,400,351,3,0
210,maksssksksss460.xml,400,267,3,0
211,maksssksksss767.xml,267,400,3,0
212,maksssksksss562.xml,400,210,3,0
213,maksssksksss269.xml,400,295,3,0
214,maksssksksss401.xml,400,280,3,0
215,maksssksksss175.xml,400,226,3,0
216,maksssksksss185.xml,400,267,3,0
217,maksssksksss542.xml,400,210,3,0
218,maksssksksss750.xml,400,268,3,0
219,maksssksksss327.xml,400,279,3,0
220,maksssksksss668.xml,301,400,3,0
221,maksssksksss273.xml,301,400,3,0
222,maksssksksss323.xml,400,376,3,0
223,maksssksksss748.xml,400,225,3,0
224,maksssksksss92.xml,400,267,3,0
225,maksssksksss326.xml,382,400,3,0
226,maksssksksss842.xml,400,225,3,0
227,maksssksksss112.xml,267,400,3,0
228,maksssksksss5.xml,400,266,3,0
229,maksssksksss131.xml,400,267,3,0
230,maksssksksss7.xml,400,300,3,0
231,maksssksksss389.xml,400,300,3,0
232,maksssksksss634.xml,400,300,3,0
233,maksssksksss584.xml,400,267,3,0
234,maksssksksss529.xml,400,226,3,0
235,maksssksksss453.xml,400,300,3,0
236,maksssksksss439.xml,400,267,3,0
237,maksssksksss520.xml,301,400,3,0
238,maksssksksss316.xml,400,315,3,0
239,maksssksksss831.xml,400,241,3,0
240,maksssksksss129.xml,400,295,3,0
241,maksssksksss708.xml,400,230,3,0
242,maksssksksss483.xml,400,267,3,0
243,maksssksksss558.xml,400,226,3,0
244,maksssksksss67.xml,400,300,3,0
245,maksssksksss698.xml,400,333,3,0
246,maksssksksss225.xml,301,400,3,0
247,maksssksksss845.xml,301,400,3,0
248,maksssksksss500.xml,301,400,3,0
249,maksssksksss140.xml,400,267,3,0
250,maksssksksss597.xml,400,267,3,0
251,maksssksksss751.xml,400,267,3,0
252,maksssksksss321.xml,400,208,3,0
253,maksssksksss43.xml,266,400,3,0
254,maksssksksss791.xml,301,400,3,0
255,maksssksksss178.xml,268,400,3,0
256,maksssksksss98.xml,400,267,3,0
257,maksssksksss492.xml,301,400,3,0
258,maksssksksss368.xml,400,267,3,0
259,maksssksksss81.xml,400,240,3,0
260,maksssksksss192.xml,267,400,3,0
261,maksssksksss625.xml,400,277,3,0
262,maksssksksss482.xml,301,400,3,0
263,maksssksksss794.xml,400,400,3,0
264,maksssksksss119.xml,400,289,3,0
265,maksssksksss458.xml,400,267,3,0
266,maksssksksss63.xml,400,226,3,0
267,maksssksksss702.xml,600,317,3,0
268,maksssksksss601.xml,301,400,3,0
269,maksssksksss139.xml,400,225,3,0
270,maksssksksss563.xml,400,225,3,0
271,maksssksksss631.xml,400,209,3,0
272,maksssksksss370.xml,301,400,3,0
273,maksssksksss160.xml,400,286,3,0
274,maksssksksss783.xml,400,267,3,0
275,maksssksksss829.xml,400,200,3,0
276,maksssksksss294.xml,400,241,3,0
277,maksssksksss621.xml,400,226,3,0
278,maksssksksss104.xml,400,267,3,0
279,maksssksksss342.xml,400,258,3,0
280,maksssksksss245.xml,400,210,3,0
281,maksssksksss374.xml,400,240,3,0
282,maksssksksss409.xml,301,400,3,0
283,maksssksksss15.xml,193,400,3,0
284,maksssksksss156.xml,400,267,3,0
285,maksssksksss345.xml,400,267,3,0
286,maksssksksss0.xml,512,366,3,0
287,maksssksksss32.xml,400,225,3,0
288,maksssksksss141.xml,400,267,3,0
289,maksssksksss94.xml,400,226,3,0
290,maksssksksss730.xml,400,267,3,0
291,maksssksksss100.xml,400,226,3,0
292,maksssksksss223.xml,400,225,3,0
293,maksssksksss551.xml,400,267,3,0
294,maksssksksss570.xml,400,266,3,0
295,maksssksksss535.xml,400,261,3,0
296,maksssksksss652.xml,301,400,3,0
297,maksssksksss54.xml,400,267,3,0
298,maksssksksss127.xml,267,400,3,0
299,maksssksksss21.xml,400,227,3,0
300,maksssksksss632.xml,267,400,3,0
301,maksssksksss540.xml,301,400,3,0
302,maksssksksss95.xml,301,400,3,0
303,maksssksksss167.xml,400,210,3,0
304,maksssksksss595.xml,400,267,3,0
305,maksssksksss722.xml,400,267,3,0
306,maksssksksss62.xml,301,400,3,0
307,maksssksksss849.xml,400,236,3,0
308,maksssksksss281.xml,301,400,3,0
309,maksssksksss436.xml,300,400,3,0
310,maksssksksss554.xml,400,281,3,0
311,maksssksksss505.xml,267,400,3,0
312,maksssksksss635.xml,301,400,3,0
313,maksssksksss704.xml,400,267,3,0
314,maksssksksss76.xml,400,257,3,0
315,maksssksksss213.xml,301,400,3,0
316,maksssksksss291.xml,301,400,3,0
317,maksssksksss130.xml,332,400,3,0
318,maksssksksss220.xml,267,400,3,0
319,maksssksksss3.xml,400,271,3,0
320,maksssksksss451.xml,400,273,3,0
321,maksssksksss179.xml,400,267,3,0
322,maksssksksss527.xml,400,225,3,0
323,maksssksksss636.xml,400,300,3,0
324,maksssksksss26.xml,400,400,3,0
325,maksssksksss476.xml,400,267,3,0
326,maksssksksss154.xml,301,400,3,0
327,maksssksksss564.xml,400,226,3,0
328,maksssksksss207.xml,400,267,3,0
329,maksssksksss349.xml,400,268,3,0
330,maksssksksss474.xml,400,267,3,0
331,maksssksksss233.xml,358,400,3,0
332,maksssksksss731.xml,400,400,3,0
333,maksssksksss64.xml,400,225,3,0
334,maksssksksss74.xml,400,301,3,0
335,maksssksksss2.xml,400,290,3,0
336,maksssksksss417.xml,301,400,3,0
337,maksssksksss113.xml,400,267,3,0
338,maksssksksss198.xml,400,225,3,0
339,maksssksksss674.xml,400,225,3,0
340,maksssksksss741.xml,267,400,3,0
341,maksssksksss510.xml,400,267,3,0
342,maksssksksss568.xml,301,400,3,0
343,maksssksksss190.xml,400,282,3,0
344,maksssksksss738.xml,400,267,3,0
345,maksssksksss605.xml,267,400,3,0
346,maksssksksss639.xml,400,226,3,0
347,maksssksksss773.xml,400,274,3,0
348,maksssksksss286.xml,400,300,3,0
349,maksssksksss49.xml,400,225,3,0
350,maksssksksss377.xml,400,300,3,0
351,maksssksksss663.xml,301,400,3,0
352,maksssksksss59.xml,400,267,3,0
353,maksssksksss586.xml,400,267,3,0
354,maksssksksss184.xml,400,220,3,0
355,maksssksksss24.xml,267,400,3,0
356,maksssksksss611.xml,400,267,3,0
357,maksssksksss470.xml,400,200,3,0
358,maksssksksss136.xml,267,400,3,0
359,maksssksksss654.xml,267,400,3,0
360,maksssksksss217.xml,301,400,3,0
361,maksssksksss569.xml,400,226,3,0
362,maksssksksss203.xml,400,225,3,0
363,maksssksksss400.xml,400,225,3,0
364,maksssksksss684.xml,400,269,3,0
365,maksssksksss690.xml,400,245,3,0
366,maksssksksss522.xml,267,400,3,0
367,maksssksksss678.xml,400,225,3,0
368,maksssksksss17.xml,301,400,3,0
369,maksssksksss111.xml,400,268,3,0
370,maksssksksss132.xml,306,400,3,0
371,maksssksksss624.xml,301,400,3,0
372,maksssksksss378.xml,400,188,3,0
373,maksssksksss259.xml,301,400,3,0
374,maksssksksss287.xml,400,400,3,0
375,maksssksksss275.xml,335,400,3,0
376,maksssksksss818.xml,301,400,3,0
377,maksssksksss253.xml,400,300,3,0
378,maksssksksss797.xml,400,245,3,0
379,maksssksksss441.xml,400,266,3,0
380,maksssksksss671.xml,301,400,3,0
381,maksssksksss134.xml,400,225,3,0
382,maksssksksss115.xml,400,267,3,0
383,maksssksksss650.xml,267,400,3,0
384,maksssksksss335.xml,301,400,3,0
385,maksssksksss846.xml,400,226,3,0
386,maksssksksss560.xml,400,267,3,0
387,maksssksksss266.xml,301,400,3,0
388,maksssksksss782.xml,400,226,3,0
389,maksssksksss274.xml,400,265,3,0
390,maksssksksss737.xml,400,226,3,0
391,maksssksksss13.xml,400,226,3,0
392,maksssksksss481.xml,400,267,3,0
393,maksssksksss761.xml,267,400,3,0
394,maksssksksss209.xml,400,210,3,0
395,maksssksksss343.xml,301,400,3,0
396,maksssksksss205.xml,301,400,3,0
397,maksssksksss102.xml,400,225,3,0
398,maksssksksss195.xml,400,400,3,0
399,maksssksksss547.xml,400,267,3,0
400,maksssksksss713.xml,400,289,3,0
401,maksssksksss161.xml,301,400,3,0
402,maksssksksss502.xml,400,225,3,0
403,maksssksksss406.xml,400,210,3,0
404,maksssksksss228.xml,301,400,3,0
405,maksssksksss37.xml,301,400,3,0
406,maksssksksss260.xml,400,300,3,0
407,maksssksksss538.xml,400,225,3,0
408,maksssksksss90.xml,400,267,3,0
409,maksssksksss314.xml,400,267,3,0
410,maksssksksss12.xml,400,272,3,0
411,maksssksksss706.xml,400,267,3,0
412,maksssksksss819.xml,400,225,3,0
413,maksssksksss821.xml,400,267,3,0
414,maksssksksss73.xml,400,286,3,0
415,maksssksksss164.xml,400,200,3,0
416,maksssksksss143.xml,301,400,3,0
417,maksssksksss149.xml,400,283,3,0
418,maksssksksss622.xml,400,300,3,0
419,maksssksksss114.xml,400,225,3,0
420,maksssksksss602.xml,400,226,3,0
421,maksssksksss380.xml,301,400,3,0
422,maksssksksss712.xml,301,400,3,0
423,maksssksksss695.xml,400,267,3,0
424,maksssksksss612.xml,400,295,3,0
425,maksssksksss851.xml,301,400,3,0
426,maksssksksss413.xml,400,210,3,0
427,maksssksksss659.xml,441,575,3,0
428,maksssksksss812.xml,400,400,3,0
429,maksssksksss23.xml,400,299,3,0
430,maksssksksss410.xml,400,267,3,0
431,maksssksksss385.xml,400,245,3,0
432,maksssksksss757.xml,301,400,3,0
433,maksssksksss204.xml,400,266,3,0
434,maksssksksss418.xml,400,225,3,0
435,maksssksksss806.xml,400,225,3,0
436,maksssksksss402.xml,301,400,3,0
437,maksssksksss227.xml,400,267,3,0
438,maksssksksss42.xml,400,353,3,0
439,maksssksksss759.xml,400,267,3,0
440,maksssksksss809.xml,400,352,3,0
441,maksssksksss550.xml,350,350,3,0
442,maksssksksss433.xml,301,400,3,0
443,maksssksksss171.xml,400,400,3,0
444,maksssksksss449.xml,400,381,3,0
445,maksssksksss779.xml,400,266,3,0
446,maksssksksss774.xml,400,226,3,0
447,maksssksksss320.xml,400,230,3,0
448,maksssksksss36.xml,400,225,3,0
449,maksssksksss296.xml,400,226,3,0
450,maksssksksss593.xml,400,226,3,0
451,maksssksksss155.xml,400,225,3,0
452,maksssksksss394.xml,400,218,3,0
453,maksssksksss361.xml,400,250,3,0
454,maksssksksss353.xml,400,267,3,0
455,maksssksksss422.xml,400,400,3,0
456,maksssksksss221.xml,400,300,3,0
457,maksssksksss264.xml,400,267,3,0
458,maksssksksss719.xml,400,226,3,0
459,maksssksksss84.xml,512,354,3,0
460,maksssksksss162.xml,301,400,3,0
461,maksssksksss424.xml,400,267,3,0
462,maksssksksss528.xml,301,400,3,0
463,maksssksksss276.xml,323,400,3,0
464,maksssksksss252.xml,400,268,3,0
465,maksssksksss206.xml,400,298,3,0
466,maksssksksss444.xml,400,259,3,0
467,maksssksksss308.xml,400,200,3,0
468,maksssksksss552.xml,400,267,3,0
469,maksssksksss216.xml,400,300,3,0
470,maksssksksss429.xml,400,267,3,0
471,maksssksksss420.xml,301,400,3,0
472,maksssksksss93.xml,400,267,3,0
473,maksssksksss182.xml,400,267,3,0
474,maksssksksss490.xml,301,400,3,0
475,maksssksksss340.xml,600,400,3,0
476,maksssksksss292.xml,400,300,3,0
477,maksssksksss9.xml,267,400,3,0
478,maksssksksss421.xml,400,267,3,0
479,maksssksksss53.xml,400,226,3,0
480,maksssksksss219.xml,400,267,3,0
481,maksssksksss270.xml,400,208,3,0
482,maksssksksss736.xml,267,400,3,0
483,maksssksksss574.xml,400,225,3,0
484,maksssksksss304.xml,400,282,3,0
485,maksssksksss795.xml,400,300,3,0
486,maksssksksss47.xml,400,268,3,0
487,maksssksksss642.xml,252,400,3,0
488,maksssksksss628.xml,400,262,3,0
489,maksssksksss777.xml,400,226,3,0
490,maksssksksss398.xml,400,336,3,0
491,maksssksksss290.xml,400,268,3,0
492,maksssksksss623.xml,400,245,3,0
493,maksssksksss594.xml,400,267,3,0
494,maksssksksss486.xml,400,217,3,0
495,maksssksksss96.xml,400,280,3,0
496,maksssksksss392.xml,400,277,3,0
497,maksssksksss254.xml,400,217,3,0
498,maksssksksss641.xml,267,400,3,0
499,maksssksksss626.xml,267,400,3,0
500,maksssksksss99.xml,400,267,3,0
501,maksssksksss581.xml,301,400,3,0
502,maksssksksss172.xml,301,400,3,0
503,maksssksksss793.xml,301,400,3,0
504,maksssksksss34.xml,400,267,3,0
505,maksssksksss732.xml,400,268,3,0
506,maksssksksss395.xml,400,267,3,0
507,maksssksksss786.xml,400,290,3,0
508,maksssksksss734.xml,400,225,3,0
509,maksssksksss533.xml,301,400,3,0
510,maksssksksss808.xml,301,400,3,0
511,maksssksksss775.xml,400,225,3,0
512,maksssksksss419.xml,267,400,3,0
513,maksssksksss754.xml,400,267,3,0
514,maksssksksss577.xml,400,267,3,0
515,maksssksksss484.xml,267,400,3,0
516,maksssksksss840.xml,400,267,3,0
517,maksssksksss755.xml,400,226,3,0
518,maksssksksss22.xml,400,268,3,0
519,maksssksksss144.xml,400,217,3,0
520,maksssksksss234.xml,400,225,3,0
521,maksssksksss301.xml,400,225,3,0
522,maksssksksss494.xml,267,400,3,0
523,maksssksksss107.xml,301,400,3,0
524,maksssksksss537.xml,301,400,3,0
525,maksssksksss743.xml,301,400,3,0
526,maksssksksss247.xml,400,267,3,0
527,maksssksksss504.xml,301,400,3,0
528,maksssksksss332.xml,301,400,3,0
529,maksssksksss707.xml,301,400,3,0
530,maksssksksss752.xml,400,225,3,0
531,maksssksksss169.xml,301,400,3,0
532,maksssksksss201.xml,400,226,3,0
533,maksssksksss781.xml,301,400,3,0
534,maksssksksss35.xml,400,255,3,0
535,maksssksksss357.xml,400,235,3,0
536,maksssksksss762.xml,301,400,3,0
537,maksssksksss799.xml,400,300,3,0
538,maksssksksss834.xml,400,267,3,0
539,maksssksksss572.xml,400,225,3,0
540,maksssksksss669.xml,300,400,3,0
541,maksssksksss724.xml,400,300,3,0
542,maksssksksss837.xml,301,400,3,0
543,maksssksksss189.xml,400,200,3,0
544,maksssksksss726.xml,400,254,3,0
545,maksssksksss575.xml,400,225,3,0
546,maksssksksss181.xml,400,225,3,0
547,maksssksksss506.xml,500,500,3,0
548,maksssksksss753.xml,400,267,3,0
549,maksssksksss822.xml,400,225,3,0
550,maksssksksss445.xml,400,267,3,0
551,maksssksksss459.xml,298,400,3,0
552,maksssksksss116.xml,400,225,3,0
553,maksssksksss501.xml,400,255,3,0
554,maksssksksss802.xml,400,267,3,0
555,maksssksksss38.xml,400,285,3,0
556,maksssksksss88.xml,301,400,3,0
557,maksssksksss655.xml,301,400,3,0
558,maksssksksss210.xml,301,400,3,0
559,maksssksksss44.xml,400,226,3,0
560,maksssksksss407.xml,301,400,3,0
561,maksssksksss268.xml,225,400,3,0
562,maksssksksss448.xml,400,216,3,0
563,maksssksksss362.xml,400,275,3,0
564,maksssksksss425.xml,400,400,3,0
565,maksssksksss629.xml,301,400,3,0
566,maksssksksss517.xml,400,267,3,0
567,maksssksksss697.xml,400,300,3,0
568,maksssksksss735.xml,400,225,3,0
569,maksssksksss364.xml,400,267,3,0
570,maksssksksss125.xml,301,400,3,0
571,maksssksksss283.xml,301,400,3,0
572,maksssksksss51.xml,301,400,3,0
573,maksssksksss258.xml,280,400,3,0
574,maksssksksss212.xml,267,400,3,0
575,maksssksksss691.xml,400,267,3,0
576,maksssksksss72.xml,301,400,3,0
577,maksssksksss758.xml,400,280,3,0
578,maksssksksss191.xml,400,301,3,0
579,maksssksksss118.xml,400,267,3,0
580,maksssksksss346.xml,400,374,3,0
581,maksssksksss434.xml,400,400,3,0
582,maksssksksss232.xml,400,300,3,0
583,maksssksksss810.xml,301,400,3,0
584,maksssksksss687.xml,301,400,3,0
585,maksssksksss226.xml,400,225,3,0
586,maksssksksss186.xml,267,400,3,0
587,maksssksksss82.xml,400,225,3,0
588,maksssksksss297.xml,400,221,3,0
589,maksssksksss423.xml,400,226,3,0
590,maksssksksss699.xml,400,279,3,0
591,maksssksksss740.xml,400,264,3,0
592,maksssksksss386.xml,400,268,3,0
593,maksssksksss355.xml,301,400,3,0
594,maksssksksss39.xml,398,400,3,0
595,maksssksksss248.xml,301,400,3,0
596,maksssksksss333.xml,301,400,3,0
597,maksssksksss608.xml,301,400,3,0
598,maksssksksss807.xml,400,267,3,0
599,maksssksksss363.xml,400,197,3,0
600,maksssksksss847.xml,400,226,3,0
601,maksssksksss789.xml,400,255,3,0
602,maksssksksss604.xml,400,226,3,0
603,maksssksksss83.xml,400,306,3,0
604,maksssksksss384.xml,267,400,3,0
605,maksssksksss785.xml,400,244,3,0
606,maksssksksss513.xml,267,400,3,0
607,maksssksksss280.xml,400,267,3,0
608,maksssksksss466.xml,400,267,3,0
609,maksssksksss825.xml,400,225,3,0
610,maksssksksss518.xml,400,225,3,0
611,maksssksksss358.xml,400,300,3,0
612,maksssksksss828.xml,301,400,3,0
613,maksssksksss25.xml,300,400,3,0
614,maksssksksss328.xml,301,400,3,0
615,maksssksksss638.xml,400,264,3,0
616,maksssksksss649.xml,301,400,3,0
617,maksssksksss814.xml,301,400,3,0
618,maksssksksss309.xml,267,400,3,0
619,maksssksksss159.xml,400,225,3,0
620,maksssksksss491.xml,301,400,3,0
621,maksssksksss122.xml,400,267,3,0
622,maksssksksss153.xml,400,268,3,0
623,maksssksksss241.xml,400,210,3,0
624,maksssksksss452.xml,400,289,3,0
625,maksssksksss613.xml,400,267,3,0
626,maksssksksss495.xml,400,225,3,0
627,maksssksksss108.xml,400,225,3,0
628,maksssksksss488.xml,400,267,3,0
629,maksssksksss571.xml,301,400,3,0
630,maksssksksss457.xml,400,300,3,0
631,maksssksksss667.xml,400,225,3,0
632,maksssksksss835.xml,267,400,3,0
633,maksssksksss31.xml,400,267,3,0
634,maksssksksss675.xml,301,400,3,0
635,maksssksksss600.xml,400,250,3,0
636,maksssksksss765.xml,301,400,3,0
637,maksssksksss473.xml,400,203,3,0
638,maksssksksss688.xml,400,277,3,0
639,maksssksksss614.xml,301,400,3,0
640,maksssksksss660.xml,301,400,3,0
641,maksssksksss531.xml,301,400,3,0
642,maksssksksss8.xml,301,400,3,0
643,maksssksksss616.xml,400,267,3,0
644,maksssksksss711.xml,400,283,3,0
645,maksssksksss383.xml,301,400,3,0
646,maksssksksss365.xml,400,240,3,0
647,maksssksksss243.xml,301,400,3,0
648,maksssksksss565.xml,301,400,3,0
649,maksssksksss683.xml,300,400,3,0
650,maksssksksss792.xml,400,225,3,0
651,maksssksksss339.xml,400,400,3,0
652,maksssksksss841.xml,301,400,3,0
653,maksssksksss469.xml,400,298,3,0
654,maksssksksss633.xml,400,400,3,0
655,maksssksksss544.xml,301,400,3,0
656,maksssksksss816.xml,400,268,3,0
657,maksssksksss40.xml,400,267,3,0
658,maksssksksss121.xml,400,300,3,0
659,maksssksksss214.xml,400,257,3,0
660,maksssksksss97.xml,301,400,3,0
661,maksssksksss29.xml,400,295,3,0
662,maksssksksss454.xml,400,278,3,0
663,maksssksksss329.xml,400,267,3,0
664,maksssksksss215.xml,400,400,3,0
665,maksssksksss48.xml,301,400,3,0
666,maksssksksss644.xml,301,400,3,0
667,maksssksksss65.xml,400,300,3,0
668,maksssksksss344.xml,400,226,3,0
669,maksssksksss298.xml,400,282,3,0
670,maksssksksss582.xml,400,400,3,0
671,maksssksksss322.xml,301,400,3,0
672,maksssksksss769.xml,400,225,3,0
673,maksssksksss733.xml,400,295,3,0
674,maksssksksss643.xml,400,400,3,0
675,maksssksksss285.xml,400,267,3,0
676,maksssksksss536.xml,301,400,3,0
677,maksssksksss430.xml,400,300,3,0
678,maksssksksss366.xml,512,306,3,0
679,maksssksksss479.xml,301,400,3,0
680,maksssksksss693.xml,279,400,3,0
681,maksssksksss727.xml,301,400,3,0
682,maksssksksss507.xml,400,200,3,0
683,maksssksksss427.xml,400,210,3,0
684,maksssksksss521.xml,400,225,3,0
685,maksssksksss511.xml,400,294,3,0
686,maksssksksss455.xml,301,400,3,0
687,maksssksksss716.xml,301,400,3,0
688,maksssksksss58.xml,400,267,3,0
689,maksssksksss305.xml,400,300,3,0
690,maksssksksss442.xml,301,400,3,0
691,maksssksksss579.xml,400,226,3,0
692,maksssksksss729.xml,301,400,3,0
693,maksssksksss599.xml,301,400,3,0
694,maksssksksss50.xml,400,292,3,0
695,maksssksksss447.xml,400,267,3,0
696,maksssksksss662.xml,400,261,3,0
697,maksssksksss728.xml,400,266,3,0
698,maksssksksss796.xml,400,267,3,0
699,maksssksksss117.xml,301,400,3,0
700,maksssksksss325.xml,400,267,3,0
701,maksssksksss138.xml,400,267,3,0
702,maksssksksss679.xml,400,225,3,0
703,maksssksksss282.xml,400,267,3,0
704,maksssksksss465.xml,400,300,3,0
705,maksssksksss376.xml,400,221,3,0
706,maksssksksss696.xml,400,269,3,0
707,maksssksksss478.xml,400,400,3,0
708,maksssksksss91.xml,400,225,3,0
709,maksssksksss692.xml,301,400,3,0
710,maksssksksss30.xml,400,242,3,0
711,maksssksksss396.xml,400,300,3,0
712,maksssksksss246.xml,400,320,3,0
713,maksssksksss689.xml,560,315,3,0
714,maksssksksss299.xml,301,400,3,0
715,maksssksksss784.xml,400,225,3,0
716,maksssksksss170.xml,400,225,3,0
717,maksssksksss609.xml,301,400,3,0
718,maksssksksss255.xml,400,225,3,0
719,maksssksksss673.xml,400,290,3,0
720,maksssksksss45.xml,400,226,3,0
721,maksssksksss146.xml,400,267,3,0
722,maksssksksss817.xml,301,400,3,0
723,maksssksksss163.xml,400,300,3,0
724,maksssksksss87.xml,301,400,3,0
725,maksssksksss388.xml,400,225,3,0
726,maksssksksss548.xml,400,300,3,0
727,maksssksksss546.xml,301,400,3,0
728,maksssksksss770.xml,400,210,3,0
729,maksssksksss566.xml,400,300,3,0
730,maksssksksss148.xml,400,364,3,0
731,maksssksksss257.xml,400,267,3,0
732,maksssksksss371.xml,400,225,3,0
733,maksssksksss310.xml,400,267,3,0
734,maksssksksss229.xml,400,226,3,0
735,maksssksksss277.xml,400,225,3,0
736,maksssksksss645.xml,301,400,3,0
737,maksssksksss553.xml,301,400,3,0
738,maksssksksss158.xml,400,278,3,0
739,maksssksksss772.xml,267,400,3,0
740,maksssksksss142.xml,479,359,3,0
741,maksssksksss557.xml,301,400,3,0
742,maksssksksss830.xml,267,400,3,0
743,maksssksksss235.xml,400,300,3,0
744,maksssksksss852.xml,267,400,3,0
745,maksssksksss778.xml,400,267,3,0
746,maksssksksss367.xml,400,267,3,0
747,maksssksksss261.xml,316,400,3,0
748,maksssksksss813.xml,381,492,3,0
749,maksssksksss302.xml,400,226,3,0
750,maksssksksss318.xml,400,226,3,0
751,maksssksksss278.xml,400,300,3,0
752,maksssksksss256.xml,400,268,3,0
753,maksssksksss578.xml,400,282,3,0
754,maksssksksss271.xml,301,400,3,0
755,maksssksksss618.xml,301,400,3,0
756,maksssksksss619.xml,400,301,3,0
757,maksssksksss803.xml,400,267,3,0
758,maksssksksss714.xml,400,300,3,0
759,maksssksksss826.xml,400,267,3,0
760,maksssksksss341.xml,301,400,3,0
761,maksssksksss516.xml,400,225,3,0
762,maksssksksss145.xml,400,226,3,0
763,maksssksksss717.xml,510,287,3,0
764,maksssksksss559.xml,400,256,3,0
765,maksssksksss640.xml,400,210,3,0
766,maksssksksss267.xml,400,267,3,0
767,maksssksksss312.xml,300,400,3,0
768,maksssksksss756.xml,400,267,3,0
769,maksssksksss350.xml,400,267,3,0
770,maksssksksss408.xml,400,225,3,0
771,maksssksksss617.xml,400,399,3,0
772,maksssksksss771.xml,400,267,3,0
773,maksssksksss763.xml,400,225,3,0
774,maksssksksss18.xml,400,267,3,0
775,maksssksksss379.xml,301,400,3,0
776,maksssksksss787.xml,400,288,3,0
777,maksssksksss208.xml,400,200,3,0
778,maksssksksss85.xml,267,400,3,0
779,maksssksksss403.xml,301,400,3,0
780,maksssksksss251.xml,400,206,3,0
781,maksssksksss180.xml,301,400,3,0
782,maksssksksss647.xml,400,265,3,0
783,maksssksksss56.xml,400,267,3,0
784,maksssksksss41.xml,400,281,3,0
785,maksssksksss391.xml,400,270,3,0
786,maksssksksss646.xml,301,400,3,0
787,maksssksksss416.xml,400,226,3,0
788,maksssksksss658.xml,267,400,3,0
789,maksssksksss664.xml,259,400,3,0
790,maksssksksss744.xml,400,225,3,0
791,maksssksksss428.xml,400,267,3,0
792,maksssksksss468.xml,301,400,3,0
793,maksssksksss10.xml,301,400,3,0
794,maksssksksss28.xml,400,300,3,0
795,maksssksksss680.xml,400,267,3,0
796,maksssksksss61.xml,400,273,3,0
797,maksssksksss71.xml,400,225,3,0
798,maksssksksss715.xml,267,400,3,0
799,maksssksksss77.xml,400,225,3,0
800,maksssksksss524.xml,400,292,3,0
801,maksssksksss284.xml,400,226,3,0
802,maksssksksss848.xml,400,268,3,0
803,maksssksksss627.xml,400,225,3,0
804,maksssksksss133.xml,301,400,3,0
805,maksssksksss103.xml,400,300,3,0
806,maksssksksss382.xml,400,300,3,0
807,maksssksksss313.xml,400,400,3,0
808,maksssksksss710.xml,400,200,3,0
809,maksssksksss393.xml,400,400,3,0
810,maksssksksss798.xml,400,333,3,0
811,maksssksksss399.xml,400,267,3,0
812,maksssksksss526.xml,400,263,3,0
813,maksssksksss677.xml,400,300,3,0
814,maksssksksss289.xml,267,400,3,0
815,maksssksksss338.xml,400,250,3,0
816,maksssksksss820.xml,400,225,3,0
817,maksssksksss539.xml,400,267,3,0
818,maksssksksss592.xml,600,600,3,0
819,maksssksksss801.xml,400,295,3,0
820,maksssksksss462.xml,268,400,3,0
821,maksssksksss123.xml,400,301,3,0
822,maksssksksss464.xml,400,300,3,0
823,maksssksksss359.xml,400,226,3,0
824,maksssksksss676.xml,400,267,3,0
825,maksssksksss1.xml,400,156,3,0
826,maksssksksss512.xml,400,280,3,0
827,maksssksksss561.xml,301,400,3,0
828,maksssksksss128.xml,301,400,3,0
829,maksssksksss472.xml,400,300,3,0
830,maksssksksss351.xml,400,238,3,0
831,maksssksksss607.xml,400,277,3,0
832,maksssksksss381.xml,400,311,3,0
833,maksssksksss265.xml,400,267,3,0
834,maksssksksss591.xml,400,267,3,0
835,maksssksksss311.xml,400,258,3,0
836,maksssksksss446.xml,500,500,3,0
837,maksssksksss109.xml,400,400,3,0
838,maksssksksss580.xml,267,400,3,0
839,maksssksksss573.xml,510,287,3,0
840,maksssksksss648.xml,400,267,3,0
841,maksssksksss27.xml,400,312,3,0
842,maksssksksss705.xml,400,225,3,0
843,maksssksksss101.xml,301,400,3,0
844,maksssksksss239.xml,301,400,3,0
845,maksssksksss337.xml,246,400,3,0
846,maksssksksss330.xml,400,300,3,0
847,maksssksksss766.xml,301,400,3,0
848,maksssksksss508.xml,400,240,3,0
849,maksssksksss78.xml,301,400,3,0
850,maksssksksss701.xml,301,400,3,0
851,maksssksksss456.xml,400,300,3,0
852,maksssksksss587.xml,400,312,3,0
